user_id,product,category,rating,price
User_001,Machine Learning,Books,3.530876741443704,145.7873793026792
User_001,Tennis Racket,Sports,4.7486639612006325,39.72747549495866
User_001,Statistics,Books,3.772737450810651,35.67663137948074
User_001,Sportswear,Sports,3.956363364439307,83.4659004285133
User_001,Data Science,Books,4.147917527963173,50.772079627725866
User_002,Dumbbells,Sports,3.5696756190799968,95.05627926620137
User_002,Tennis Racket,Sports,3.7557861855309373,19.107223017939134
User_002,Running Shoes,Sports,4.92332830588,145.18848463043832
User_003,Desk Lamp,Home,3.683057352267168,79.32476741557782
User_003,Blender,Home,3.5515827816728276,137.3048562910295
User_003,Dumbbells,Sports,3.8881699724000254,102.75311980955748
User_004,USB-C Charger,Electronics,4.662699235041671,141.5298518189865
User_004,Blender,Home,4.842241025641473,93.70599703355192
User_004,Vacuum Cleaner,Home,4.8828113525346755,22.388950287268727
User_005,Desk Lamp,Home,3.913998773033815,51.478290798571535
User_005,Dumbbells,Sports,3.7479004085945036,12.18909694376715
User_005,Sportswear,Sports,4.1351022210595545,65.28341254457976
User_005,Vacuum Cleaner,Home,3.9402322620770573,11.971175180111825
User_005,Blender,Home,3.7982636061332076,109.58787338481099
User_006,Python Programming,Books,3.996347037278974,18.898169040043307
User_006,Artificial Intelligence,Books,3.9664734825734933,55.525665083744585
User_006,Soccer Ball,Sports,4.594409267507096,99.25804598972984
User_006,Dumbbells,Sports,4.830819113864489,76.11008952267291
User_007,Tennis Racket,Sports,3.5471437785301014,99.09745757692926
User_007,Smartwatch,Electronics,3.97153397161449,81.19989676305839
User_007,Sportswear,Sports,4.861349710889139,44.900912080842495
User_007,Soccer Ball,Sports,4.115574384553445,115.77715939602682
User_007,Power Bank,Electronics,3.8431972482374337,20.77718737603102
User_008,Wireless Mouse,Electronics,4.705508115348672,36.11980824404502
User_008,Dumbbells,Sports,4.838838497734967,85.5079138681911
User_008,Soccer Ball,Sports,4.711160232746094,135.45278198928906
User_008,Tablet,Electronics,3.977005212457796,25.407269433874745
User_009,Wireless Mouse,Electronics,3.510428195796786,81.5046223608592
User_009,Tennis Racket,Sports,4.126116504723169,41.09509346590224
User_010,Wireless Headphones,Electronics,3.870314094257902,107.48259819757037
User_010,Power Bank,Electronics,4.568405884886663,30.732170193475984
User_011,Statistics,Books,4.017606872040025,98.80918825819093
User_011,Artificial Intelligence,Books,4.521058177332151,84.33084166439909
User_012,Phone Case,Electronics,3.8632399074161388,122.43956589318542
User_012,Knife Set,Home,4.205450951669057,147.67923972527802
User_012,Power Bank,Electronics,4.09823666366683,124.30046225071375
User_013,Statistics,Books,3.988938357802827,40.83374665917676
User_013,Dumbbells,Sports,4.566724298657027,123.33014645956015
User_014,Python Programming,Books,3.8136074311065706,85.80271633585922
User_014,Power Bank,Electronics,4.5436765990176236,41.99700305162195
User_014,Wireless Headphones,Electronics,3.7624323906439043,147.50356806612098
User_014,Machine Learning,Books,4.274953836906521,46.51608447625726
User_015,Wireless Mouse,Electronics,3.783060662512069,49.04198936290546
User_015,Knife Set,Home,4.550536744959157,128.53255991336283
User_016,Wireless Headphones,Electronics,4.058424149842614,141.618681944089
User_016,Power Bank,Electronics,4.9604957551329765,49.748936463245194
User_016,Knife Set,Home,3.9580457905165902,77.98592550207172
User_016,Blender,Home,4.172636214479371,149.2240447655149
User_017,Artificial Intelligence,Books,4.454498927278843,45.06465460478178
User_017,Coffee Maker,Home,4.384806271340816,147.04500015850127
User_017,Knife Set,Home,4.2301132294391826,136.85383028059755
User_017,Data Science,Books,4.1515915482656425,59.010977077254594
User_017,Blender,Home,4.4676550430458475,103.64936835283395
User_018,Blender,Home,3.5654056576316506,149.23707151162773
User_018,Coffee Maker,Home,4.204916770986414,49.1384478515462
User_019,Running Shoes,Sports,3.7542391200291387,87.95217674416902
User_019,Python Programming,Books,4.904232161241172,107.44417153449622
User_019,Tennis Racket,Sports,4.355091755134048,23.604709127907597
User_019,Statistics,Books,4.422510840048755,148.60753901459685
User_019,Sportswear,Sports,3.710126022854786,82.56615133092315
User_019,Data Science,Books,4.816059607891933,113.70760648558863
User_020,Statistics,Books,4.715170092018771,131.39012460121452
User_020,Machine Learning,Books,4.869860828834707,81.58793584053129
User_021,Artificial Intelligence,Books,4.82992572342599,13.866348062318659
User_021,Toaster,Home,4.368297343261338,71.38637722253218
User_022,Python Programming,Books,3.907314373729613,145.13525625470777
User_022,Machine Learning,Books,4.185897742420593,127.88323050167739
User_022,Statistics,Books,3.7915700509923096,67.589546707935
User_022,Sportswear,Sports,4.5492683161507905,29.36943293849219
User_022,Data Science,Books,3.699118133364455,145.73516139598226
User_023,Smartwatch,Electronics,3.8762907910199917,35.806714406391805
User_023,Dumbbells,Sports,3.6213094499257963,69.96402649161509
User_024,Python Programming,Books,4.932297920994792,113.30556833740759
User_024,Desk Lamp,Home,4.331531078767101,95.64090447280931
User_024,Statistics,Books,4.129400093641685,44.68233853016204
User_024,Coffee Maker,Home,4.033959017976892,116.09845546501168
User_025,Running Shoes,Sports,4.969265792932263,34.5462377845074
User_025,Toaster,Home,3.5257416527476253,116.87101922054754
User_026,Statistics,Books,4.254704387870132,129.9085777663651
User_026,Data Science,Books,4.488040447428418,32.81081979140016
User_026,Soccer Ball,Sports,3.605853121100645,99.93869894888418
User_026,Machine Learning,Books,3.539766965812433,92.00858137828486
User_027,Wireless Headphones,Electronics,4.079153956701162,144.566678935348
User_027,Blender,Home,4.858025962934096,37.4107588705015
User_027,Knife Set,Home,3.604041951312748,24.108920192839733
User_027,Vacuum Cleaner,Home,3.5273327384773245,23.222014505829975
User_028,Statistics,Books,4.24405618144011,107.00465021687151
User_028,Running Shoes,Sports,4.022504906679796,141.130741259799
User_028,Machine Learning,Books,3.5587794900134693,68.51244444018103
User_029,Running Shoes,Sports,3.8578952896855103,105.17826918603441
User_029,Dumbbells,Sports,4.609863140671061,43.35306133655712
User_029,Knife Set,Home,4.0665933292644425,84.80584629427888
User_029,Toaster,Home,4.244841786024617,64.54653207068849
User_029,Sportswear,Sports,3.9464527617639664,23.997884202660874
User_030,Statistics,Books,3.6375562208877215,94.34172962615665
User_030,Artificial Intelligence,Books,4.330554578518701,39.78190530339205
User_030,Blender,Home,4.919291814322536,119.38144706596836
User_030,Machine Learning,Books,3.670196903026172,140.33007479622097
User_031,Wireless Mouse,Electronics,3.6756005246414087,30.01883548739702
User_031,Sportswear,Sports,4.642265947576208,96.55052886427654
User_031,Tennis Racket,Sports,3.6516840141841853,21.77495285609964
User_032,Phone Case,Electronics,4.719199350886254,142.61480083374022
User_032,USB-C Charger,Electronics,4.979001595734307,115.47294593625183
User_032,Toaster,Home,4.064389378296374,21.690100337813625
User_032,Vacuum Cleaner,Home,4.665720373891155,88.1765949630127
User_033,Tablet,Electronics,3.584454913522756,26.63450827753007
User_033,Desk Lamp,Home,3.6762893701656574,100.8894422962489
User_033,Toaster,Home,4.619067318898135,91.67162711360234
User_033,Vacuum Cleaner,Home,4.943258822711813,62.481881133318566
User_034,Artificial Intelligence,Books,4.966851003131406,87.84070540996184
User_034,Toaster,Home,3.9840295824163756,16.076109661744187
User_035,Python Programming,Books,4.8728815125036595,144.21833703709848
User_035,Running Shoes,Sports,3.5867958466365613,65.23305180513819
User_035,Tennis Racket,Sports,3.6601340989038267,56.99240907157485
User_036,Blender,Home,4.96159221149925,148.0695042271444
User_036,Vacuum Cleaner,Home,4.547242571029617,85.05349128817686
User_037,Statistics,Books,3.6143005693987447,141.6744557989537
User_037,Toaster,Home,4.124958586607718,91.36276696531569
User_038,Wireless Mouse,Electronics,3.7472513917055013,67.57571632195166
User_038,Desk Lamp,Home,4.666403425602838,77.25181146128965
User_039,Data Science,Books,4.763178384703563,127.3660186595593
User_039,Running Shoes,Sports,4.203039739692455,68.07473032727313
User_040,Python Programming,Books,4.994955255610858,87.76043878436784
User_040,Sportswear,Sports,4.653481122770765,142.26720218353992
User_041,Statistics,Books,4.40926195167632,42.00999277048478
User_041,Running Shoes,Sports,4.507551026608785,96.53795366410542
User_042,Artificial Intelligence,Books,4.34140695730308,132.7315043721683
User_042,Python Programming,Books,4.1052242993185954,28.762131983089702
User_042,Machine Learning,Books,3.5431740144700083,115.71921579430666
User_042,USB-C Charger,Electronics,4.430464327030197,108.5711675338913
User_042,Data Science,Books,3.819446242263366,29.092006582147768
User_043,Desk Lamp,Home,4.176365671124157,137.46597897645822
User_043,Tablet,Electronics,3.9469391773129257,83.30431864210156
User_043,Knife Set,Home,4.546462807240195,121.50604859434281
User_043,Smartwatch,Electronics,4.189020211919258,127.89279810261935
User_043,Blender,Home,4.653376611973096,19.27303689926122
User_044,Coffee Maker,Home,3.772820126598717,58.39341966534085
User_044,Phone Case,Electronics,4.845182614859018,76.35462963680213
User_044,Wireless Mouse,Electronics,4.501336607781541,34.12478196822818
User_044,Knife Set,Home,3.788433528213006,15.72160627730704
User_044,Power Bank,Electronics,3.753402594608247,49.00264746447421
User_045,Coffee Maker,Home,3.638435879343119,77.36035516788105
User_045,Toaster,Home,4.531677075644124,81.63198189661657
User_045,Soccer Ball,Sports,3.7354665240742904,62.82003513389016
User_045,Sportswear,Sports,3.50389253657547,131.56215498498216
User_045,Vacuum Cleaner,Home,3.6267755115210227,93.61893151576028
User_045,Blender,Home,4.979385493800223,85.12269043822656
User_046,Desk Lamp,Home,4.267516163173499,84.49588793714419
User_046,Tablet,Electronics,3.6607580170096643,72.63773135528365
User_046,Phone Case,Electronics,4.298925899682535,43.94587050886215
User_046,Knife Set,Home,3.9038648464240713,62.81978283464717
User_046,Smartwatch,Electronics,3.5301067966665896,55.09108318164496
User_046,USB-C Charger,Electronics,3.817172010494817,55.84962930490805
User_047,Artificial Intelligence,Books,4.305659812727821,92.15775652292308
User_047,Desk Lamp,Home,4.618159211276495,70.43233647215511
User_047,Coffee Maker,Home,3.6913704541933456,49.72862681182143
User_047,Python Programming,Books,4.044623444597953,100.42841378642417
User_047,Machine Learning,Books,4.356167457003368,59.853541625698476
User_048,Dumbbells,Sports,4.708797330111715,17.791488509976546
User_048,Knife Set,Home,4.763471052947272,17.228966902431797
User_048,Toaster,Home,3.5273637221425416,107.57460473129902
User_048,Sportswear,Sports,4.995883302152592,135.5254368163629
User_048,Vacuum Cleaner,Home,4.36399762670849,138.43538583197443
User_049,Running Shoes,Sports,3.9855188546063656,69.56110140629835
User_049,Tennis Racket,Sports,4.261415568026683,43.93736253811123
User_049,Soccer Ball,Sports,3.6722552371088053,95.48680594182856
User_049,Sportswear,Sports,3.9329458298603837,91.37335099916572
User_049,Vacuum Cleaner,Home,3.7315440729113036,77.35961425967444
User_050,Soccer Ball,Sports,3.6318021668639853,29.43546828188285
User_050,Machine Learning,Books,3.5040663491214943,26.337448979835386
User_051,Artificial Intelligence,Books,3.5997444010501662,113.75689090060827
User_051,Wireless Headphones,Electronics,4.361709669769867,127.85602874615809
User_051,Tablet,Electronics,3.709658564939434,121.33742366038463
User_051,Statistics,Books,3.8024409800716166,32.91183200119863
User_051,USB-C Charger,Electronics,3.7463986968964895,124.04046083239349
User_051,Data Science,Books,4.4977958310443,83.22915946767671
User_052,Data Science,Books,4.849361859911853,63.7447709922496
User_052,Desk Lamp,Home,4.315329291670983,136.90609553503657
User_052,Toaster,Home,4.436356993870988,26.36572569917097
User_052,Coffee Maker,Home,4.909748185420213,97.8791274299985
User_053,Python Programming,Books,4.682895816836796,31.234483162585164
User_053,Data Science,Books,3.9675831016933225,44.7884795740252
User_053,Tablet,Electronics,4.615919438859016,14.694540863009113
User_054,Desk Lamp,Home,4.229536222993412,67.25372479196905
User_054,Wireless Mouse,Electronics,4.657822970897367,11.708430124526233
User_054,Smartwatch,Electronics,4.3976640518078405,89.17116862521634
User_054,Toaster,Home,4.574268612099428,93.86411106882571
User_054,Vacuum Cleaner,Home,4.7401982417136175,144.2704712389639
User_054,Blender,Home,4.0137863857678155,41.82913762419818
User_055,Wireless Headphones,Electronics,3.5271652757312606,132.0973472521812
User_055,Sportswear,Sports,4.898177423725419,89.11864570248925
User_055,Soccer Ball,Sports,4.544976235815339,139.1499133648214
User_056,Data Science,Books,4.176259057106198,25.853326417705738
User_056,Running Shoes,Sports,4.977261798443502,127.44573210243078
User_056,Tennis Racket,Sports,3.6869940218049004,138.91786356643212
User_057,Artificial Intelligence,Books,4.121756876305442,130.89253968581397
User_057,Wireless Headphones,Electronics,4.884440347697727,75.19801712463385
User_057,Python Programming,Books,4.22125546713361,138.58366149150217
User_057,Wireless Mouse,Electronics,4.380602336204851,14.598533834081369
User_057,Smartwatch,Electronics,4.869124194318694,44.751701986001265
User_058,Wireless Headphones,Electronics,4.370882525417065,98.51700030873425
User_058,Sportswear,Sports,3.5196416848825005,102.89523208233948
User_059,Toaster,Home,4.302604578400488,35.824801998639856
User_059,Blender,Home,3.9493938676497153,53.391169677605525
User_060,Wireless Headphones,Electronics,4.179933252122042,83.41463770586121
User_060,Tablet,Electronics,4.161144120407342,66.10682852254564
User_060,Phone Case,Electronics,4.339460496962327,31.73363443029975
User_060,Python Programming,Books,3.772892195742907,130.64998694189242
User_060,Statistics,Books,4.919173193200449,62.26330427916541
User_061,Smartwatch,Electronics,4.800490640017285,67.11782935107826
User_061,Running Shoes,Sports,4.32758389288901,45.5443989660626
User_061,Soccer Ball,Sports,3.794169649540179,80.77110307484473
User_062,Artificial Intelligence,Books,4.109588462410283,55.35860855495195
User_062,Dumbbells,Sports,3.630387522425524,98.65370848753447
User_062,Machine Learning,Books,4.603856919794003,128.7379333653637
User_062,Sportswear,Sports,3.684165334494063,132.70217062254113
User_062,Data Science,Books,4.46438834542138,108.55245891939133
User_063,Soccer Ball,Sports,4.0445888182926355,14.791935514874076
User_064,Artificial Intelligence,Books,3.7101697636496787,131.58551662570778
User_064,Python Programming,Books,4.2311467973742705,135.23731176517282
User_064,Machine Learning,Books,4.699782883920973,69.52989062569267
User_064,Statistics,Books,3.533703962480176,47.614830313892455
User_064,Data Science,Books,4.3124513219913005,98.68695077566062
User_065,USB-C Charger,Electronics,4.850858451854578,106.77106006535162
User_065,Power Bank,Electronics,4.524775784668222,125.16174262763435
User_066,Running Shoes,Sports,3.8997475900563234,112.50584098426873
User_066,Soccer Ball,Sports,3.876095990842397,98.63372887004266
User_066,Sportswear,Sports,4.241410775207407,90.26121294511609
User_066,Coffee Maker,Home,4.757160444767443,66.6134102168634
User_067,Phone Case,Electronics,4.033509074697424,110.66642672579437
User_067,Wireless Mouse,Electronics,3.9456825734347625,89.29664964156561
User_067,Knife Set,Home,4.2140756032986495,102.91396315077074
User_067,USB-C Charger,Electronics,4.905244608987137,112.56009360943504
User_067,Blender,Home,3.822410567886135,14.365638908579854
User_067,Power Bank,Electronics,3.893396066449738,93.31091029803568
User_068,Running Shoes,Sports,3.6127066726037134,111.94642586850446
User_068,Knife Set,Home,4.243236974309298,106.37633549988304
User_068,Soccer Ball,Sports,4.152241007905619,44.49628465347495
User_068,Coffee Maker,Home,4.728653476511299,121.9182230556571
User_069,Wireless Mouse,Electronics,4.925356030731203,72.4408082141138
User_069,Dumbbells,Sports,3.7776993932579295,85.86613263297014
User_069,Wireless Headphones,Electronics,4.8094187538146125,112.51148409733857
User_069,Tennis Racket,Sports,4.709841721792174,102.22967133950043
User_070,Phone Case,Electronics,3.770863017691,89.51233227736813
User_070,USB-C Charger,Electronics,4.873232446382063,14.752437002011838
User_070,Power Bank,Electronics,4.546130400870259,51.628861032157104
User_070,Coffee Maker,Home,4.886594293064796,145.9481543231515
User_071,Dumbbells,Sports,4.827497534784921,84.23711856888602
User_071,Running Shoes,Sports,4.161548242622242,66.62796295545911
User_071,Tennis Racket,Sports,4.358641639150198,122.55677711612567
User_071,USB-C Charger,Electronics,4.307602235571181,102.6317245112758
User_072,Desk Lamp,Home,4.293405701040818,141.46947779180547
User_072,Knife Set,Home,4.698174853660499,149.71077547466726
User_072,Tennis Racket,Sports,4.026067723177565,117.40636045035777
User_072,Soccer Ball,Sports,4.1028963704138635,77.18258684254724
User_072,Vacuum Cleaner,Home,4.441258194827555,132.31479598608743
User_073,Blender,Home,3.8581657186524536,25.46637583839525
User_073,Coffee Maker,Home,4.031933236461165,50.213458831571444
User_074,Toaster,Home,3.8273808317975964,142.99456575303154
User_074,Blender,Home,4.679517521623328,22.517540323716332
User_074,Coffee Maker,Home,4.126371163677392,133.07656305870307
User_075,Artificial Intelligence,Books,3.680508143052494,16.57235000069382
User_075,Wireless Mouse,Electronics,4.076135917236874,15.142471239725907
User_075,Smartwatch,Electronics,4.935905394474989,125.66879741115523
User_075,Statistics,Books,4.701154530694812,98.16890921946143
User_075,USB-C Charger,Electronics,3.8244860345548304,82.55645133469491
User_075,Power Bank,Electronics,4.395911108645512,83.50441012043754
User_076,Running Shoes,Sports,3.8357264222339347,85.1764192050779
User_076,Sportswear,Sports,4.389409902262555,91.21206909729356
User_076,Tennis Racket,Sports,3.6372302560966325,132.84452076825323
User_077,Python Programming,Books,4.326286055913709,22.17814638759742
User_077,Dumbbells,Sports,4.112679819606048,62.17639238172396
User_077,Running Shoes,Sports,3.8896306756404893,111.2788159164019
User_078,Wireless Mouse,Electronics,3.5922755393588526,133.60687767924458
User_078,Coffee Maker,Home,4.274118530665425,136.9119207222412
User_079,Wireless Mouse,Electronics,4.775872593641363,131.42118813437233
User_079,Wireless Headphones,Electronics,4.562544465072552,127.18186597091409
User_079,Blender,Home,4.546207192503926,105.21970804644205
User_079,Knife Set,Home,4.427917067322777,115.38032953806977
User_080,Tennis Racket,Sports,4.261201600641254,10.8940220403567
User_080,Machine Learning,Books,3.930557199762369,96.3697685726039
User_080,Statistics,Books,4.971779267041136,98.45389378233357
User_080,Soccer Ball,Sports,3.8897053715962397,98.7607984339456
User_080,Data Science,Books,4.309978069573783,119.1783553211601
User_081,Wireless Headphones,Electronics,3.601755588657758,52.13489937255427
User_081,Wireless Mouse,Electronics,4.562258132967923,19.429084205628037
User_081,Dumbbells,Sports,4.3732556902644095,58.42362797341394
User_081,Smartwatch,Electronics,4.4313732766512155,16.4038847337518
User_081,USB-C Charger,Electronics,4.807305209228565,146.28845568483555
User_081,Power Bank,Electronics,4.953316782928537,114.95125644400946
User_082,Data Science,Books,3.50154421976845,32.25135965874591
User_082,Coffee Maker,Home,4.202809125152877,142.20250889409618
User_082,Desk Lamp,Home,3.6532904295405784,129.58936842461924
User_082,Vacuum Cleaner,Home,4.290536144317793,125.62890721198552
User_083,Phone Case,Electronics,3.7265868376713502,70.52687214596426
User_083,Toaster,Home,4.9154238802513985,68.76182436965712
User_083,Knife Set,Home,4.457788921496128,65.66321571479119
User_083,Power Bank,Electronics,3.911322803523005,147.75687071437596
User_084,Wireless Mouse,Electronics,4.477500238063827,61.59368812132656
User_084,Coffee Maker,Home,4.796537374759455,76.249386936818
User_085,Desk Lamp,Home,3.548789269236878,138.91869869419617
User_085,Sportswear,Sports,4.424975471781107,121.51522073666469
User_085,Dumbbells,Sports,4.222283527268825,26.423146454735228
User_085,Knife Set,Home,3.6877786883038257,105.979140212056
User_086,Dumbbells,Sports,3.7243709640013485,75.04380352901342
User_086,Knife Set,Home,4.520684939538988,65.37631174319561
User_086,Sportswear,Sports,4.962049777806035,111.0642679097709
User_086,Soccer Ball,Sports,4.48547578634674,115.98829746557126
User_086,Vacuum Cleaner,Home,4.928972957058075,137.09461141784962
User_087,Running Shoes,Sports,4.3394730252303715,11.367918638685712
User_087,Wireless Headphones,Electronics,3.989691962365988,82.4796300738596
User_087,Dumbbells,Sports,3.63179974871725,59.08777036928531
User_088,Desk Lamp,Home,4.534197453705898,122.0821378752716
User_088,Soccer Ball,Sports,3.800225366367215,33.447561516269765
User_089,Data Science,Books,4.904318369365535,17.275979711206137
User_089,Wireless Headphones,Electronics,4.311944502951606,109.2684727231283
User_090,Smartwatch,Electronics,4.329502178887938,93.64662076847021
User_090,Knife Set,Home,4.675748830128293,77.32653640285788
User_090,Power Bank,Electronics,3.561131159138709,32.95992733852961
User_091,Wireless Headphones,Electronics,4.684547760713719,102.21908857012265
User_091,Tablet,Electronics,4.247293574679708,87.75089713126837
User_091,Phone Case,Electronics,4.578802667408396,41.983663786381825
User_091,Dumbbells,Sports,4.994500874085113,146.47104270054965
User_091,Tennis Racket,Sports,4.475488529520406,37.93594313008032
User_091,Sportswear,Sports,4.520342363646937,20.107777257084617
User_092,Dumbbells,Sports,4.443147227308918,112.94904181320537
User_092,Soccer Ball,Sports,4.651585832100171,80.67828346502249
User_093,Statistics,Books,4.810134857122491,136.0982609615762
User_093,Dumbbells,Sports,4.132581390310183,48.75589161290722
User_093,Artificial Intelligence,Books,4.388525492890043,137.73086838633674
User_094,Running Shoes,Sports,3.8563149873858165,145.99531316582954
User_094,Artificial Intelligence,Books,3.771465429064235,129.61391307174108
User_094,Machine Learning,Books,4.238416784672053,44.612350416444784
User_094,Statistics,Books,4.806124851908767,72.34273570037317
User_094,Soccer Ball,Sports,4.272226030894535,60.292671715967195
User_095,Phone Case,Electronics,4.4851049968119385,55.52660899145728
User_095,Running Shoes,Sports,4.660209688529901,28.322312500568977
User_095,Dumbbells,Sports,4.9547315676178165,73.5305357937095
User_096,Wireless Mouse,Electronics,3.8730714088814446,96.4002981245642
User_096,USB-C Charger,Electronics,4.560165825328169,33.38586710613298
User_096,Soccer Ball,Sports,3.7514288244324767,15.133999770696017
User_096,Running Shoes,Sports,4.604603022598461,102.93263386705272
User_097,Artificial Intelligence,Books,4.9049085384424425,15.50809569359135
User_097,Machine Learning,Books,3.68316487101504,73.30786395968093
User_097,Toaster,Home,4.900812526291857,54.26185469674507
User_097,Vacuum Cleaner,Home,4.260852213032589,15.820200267054894
User_097,Data Science,Books,3.7225148014431335,148.12821721423856
User_097,Blender,Home,4.947678044654069,10.691597330817347
User_098,Dumbbells,Sports,3.6886122677099733,28.580051534698832
User_098,Knife Set,Home,3.7153135430590893,141.57477086975786
User_099,Sportswear,Sports,3.526273986293093,44.180620659132394
User_099,Soccer Ball,Sports,4.746315787012558,131.04523703370512
User_099,Tablet,Electronics,4.652779046785687,25.835374670720224
User_100,Sportswear,Sports,4.3657778550676225,58.80031341387587
User_100,Vacuum Cleaner,Home,3.738931167864208,94.69354917667572
User_101,Statistics,Books,4.350524391480001,113.3828892951857
User_101,Vacuum Cleaner,Home,4.817773341952022,66.57964503114462
User_102,Wireless Mouse,Electronics,3.9868787448504053,61.304614881995704
User_102,Knife Set,Home,4.094259037413883,107.3654089365807
User_102,Smartwatch,Electronics,4.082837151905519,72.81710716715429
User_102,USB-C Charger,Electronics,3.856316196311491,62.25525082810761
User_102,Toaster,Home,3.840904440894727,20.24742932758211
User_102,Vacuum Cleaner,Home,4.405172890072067,103.54979179770227
User_103,USB-C Charger,Electronics,3.5384630987096535,57.77469586766189
User_103,Power Bank,Electronics,4.070293428178785,65.83518932556606
User_103,Vacuum Cleaner,Home,4.370258553840999,84.70435654176299
User_104,Smartwatch,Electronics,4.14629313730705,135.54000057761715
User_104,Wireless Mouse,Electronics,3.6069204050827457,143.65240420466304
User_104,Data Science,Books,4.482039622147022,63.21043125120874
User_104,Machine Learning,Books,3.795731189859316,77.085652122104
User_105,Wireless Mouse,Electronics,4.308741915012882,53.58307788184051
User_105,Blender,Home,4.415500674966378,110.2610943912471
User_105,Vacuum Cleaner,Home,3.9089360011003005,67.89687421354921
User_105,Tablet,Electronics,3.6828291400054214,35.360908934855246
User_106,Smartwatch,Electronics,4.723622965256421,62.291355625374266
User_106,Wireless Mouse,Electronics,4.2897487912306715,25.722608217570684
User_106,Running Shoes,Sports,3.5038760222674736,99.31792881106168
User_106,Power Bank,Electronics,4.272762755500597,93.09539967724061
User_107,Python Programming,Books,3.855305838461723,119.27357213414065
User_107,Sportswear,Sports,3.9122090533222043,125.16600459191497
User_107,Machine Learning,Books,4.135607380473144,103.45698590080586
User_108,Running Shoes,Sports,4.794195616314843,40.34357201270859
User_108,Soccer Ball,Sports,3.6435718332802427,13.309402046487095
User_108,Dumbbells,Sports,4.462957250664899,94.9931650524293
User_109,Desk Lamp,Home,4.395570375343538,104.61777431223264
User_109,Toaster,Home,4.164075450169291,72.41072804081205
User_109,Tennis Racket,Sports,4.586775277097927,12.214952847181541
User_109,Vacuum Cleaner,Home,4.011635036711331,124.61898799669258
User_110,Wireless Headphones,Electronics,3.985057343173281,41.73189631177832
User_110,Blender,Home,4.032494458747906,19.71933798445307
User_110,Power Bank,Electronics,4.278589686362405,19.465758902910085
User_110,Vacuum Cleaner,Home,4.700534761733542,42.71969146746062
User_111,Desk Lamp,Home,4.492758784774068,88.08967843180349
User_111,Tablet,Electronics,4.595975765358869,75.12878571972054
User_111,Knife Set,Home,3.590213513901178,88.72155422290737
User_111,USB-C Charger,Electronics,4.93643792675807,34.54241193007235
User_111,Blender,Home,4.535007336230999,38.13071641226791
User_111,Power Bank,Electronics,4.303741526709622,23.534702950540748
User_112,Artificial Intelligence,Books,3.6797435030264696,146.38304800792218
User_112,Sportswear,Sports,3.5300395338887367,113.20523150101404
User_113,Python Programming,Books,4.563117046614464,15.062453273466696
User_113,Artificial Intelligence,Books,3.954692533917993,46.835759787518
User_113,Blender,Home,4.040204611207279,22.269984546937394
User_113,Machine Learning,Books,4.905436734546594,87.53231369973268
User_114,Smartwatch,Electronics,4.36188107347665,89.3205507039986
User_114,Power Bank,Electronics,4.086564144587261,80.16141988548137
User_114,Phone Case,Electronics,4.095768166143817,85.562566626392
User_115,Running Shoes,Sports,3.835421651744467,144.0252043052422
User_115,Wireless Mouse,Electronics,4.359562143396274,140.58230366667567
User_115,Dumbbells,Sports,4.362745025744937,77.10962161929925
User_115,Tennis Racket,Sports,3.970591536791144,94.89193222067259
User_115,USB-C Charger,Electronics,3.7087970369262946,135.75662782097885
User_116,Artificial Intelligence,Books,3.9677241996278894,80.85986079763417
User_116,Python Programming,Books,4.159267532949365,24.793055796644147
User_116,Dumbbells,Sports,4.4612394720353095,40.245345551343945
User_116,Statistics,Books,4.429381932346744,101.02815293574147
User_116,Sportswear,Sports,3.7280372796929724,18.588947795493542
User_117,Coffee Maker,Home,3.7559971378249974,20.44817400719144
User_117,Desk Lamp,Home,4.6740440611162235,47.15423728634724
User_117,Knife Set,Home,3.766649581776872,106.8265277797047
User_117,Tablet,Electronics,4.427077511430779,98.64654764188496
User_118,Statistics,Books,4.290562195867477,69.65167374465202
User_118,Artificial Intelligence,Books,3.6960655651102994,134.12459013366532
User_119,Desk Lamp,Home,4.640434734683202,29.195358802059868
User_119,Knife Set,Home,4.302965197178888,40.12826208241325
User_119,Statistics,Books,3.51818116196584,43.768204063935805
User_119,Toaster,Home,4.963810632365081,122.21519566361854
User_119,Vacuum Cleaner,Home,4.93936496648155,78.29956614969075
User_119,Data Science,Books,3.6646042980162554,86.71432845631702
User_120,Tablet,Electronics,4.18917015260898,119.90231613718797
User_120,Phone Case,Electronics,4.838127033410352,143.74685611054997
User_120,Wireless Mouse,Electronics,4.6803550793829425,54.15696540472178
User_120,Statistics,Books,4.532202059129814,71.26443736775487
User_120,USB-C Charger,Electronics,3.8820059330690766,127.72202111962916
User_120,Power Bank,Electronics,3.5576395234434877,136.2466788989593
User_121,Wireless Headphones,Electronics,4.606150653082228,81.71106891377443
User_121,Phone Case,Electronics,4.52034166881253,15.834206084333797
User_121,Python Programming,Books,3.6271880240687047,110.28527432877551
User_121,Wireless Mouse,Electronics,3.60812650399801,19.9759418871362
User_121,Smartwatch,Electronics,3.518162712852331,143.9101957619272
User_121,Statistics,Books,4.60626253918851,59.455197190288985
User_122,Artificial Intelligence,Books,4.8483512360093535,119.54788943895132
User_122,Phone Case,Electronics,3.841763626314665,146.63871894383095
User_122,Wireless Mouse,Electronics,4.501025597069642,11.45987791563643
User_122,Machine Learning,Books,3.8831202270278293,46.49986198878832
User_122,USB-C Charger,Electronics,3.60388145942879,144.37571253063007
User_122,Data Science,Books,4.217382941863885,135.41404363206345
User_123,Statistics,Books,3.565603438819954,25.513114705172985
User_123,Dumbbells,Sports,4.397797363526548,23.301637858922653
User_123,Data Science,Books,4.063989334911967,87.01287166414184
User_124,Toaster,Home,4.830387350313904,100.41351377172884
User_124,Knife Set,Home,3.92886018385874,124.23257145560642
User_124,Vacuum Cleaner,Home,4.792054994545154,128.51200741663894
User_125,Sportswear,Sports,4.592736015742419,118.70264250996145
User_125,Tablet,Electronics,4.484242756521607,34.84002772575896
User_126,Dumbbells,Sports,3.726014161564816,57.933709044696506
User_126,Tennis Racket,Sports,4.120124673942892,116.14590155071522
User_126,USB-C Charger,Electronics,4.615135679114914,95.67167074722634
User_126,Sportswear,Sports,3.6588960688377394,31.2197120222743
User_126,Soccer Ball,Sports,3.6406353809683347,90.80418966025701
User_126,Power Bank,Electronics,4.815707662267106,70.73207171566804
User_127,Knife Set,Home,4.102241473791932,122.00993561788233
User_127,Blender,Home,3.8060534519433484,87.71189290232007
User_127,Tennis Racket,Sports,4.599606944044512,96.23796303642507
User_128,Dumbbells,Sports,3.5529670324103586,114.4027295823725
User_128,Soccer Ball,Sports,3.803720840247856,144.13028721671324
User_128,Coffee Maker,Home,4.051911126953127,55.77042628733108
User_129,Statistics,Books,4.670599664220912,40.40927367676947
User_129,Data Science,Books,3.706734348738853,102.82588063006891
User_129,Artificial Intelligence,Books,3.502819825287366,34.972161803026175
User_129,USB-C Charger,Electronics,3.5436070705159306,33.36391649968193
User_130,Toaster,Home,4.340990141624257,94.48827332350368
User_130,Blender,Home,4.5147019058395434,122.69845995530777
User_130,Machine Learning,Books,3.9047310801923216,125.50691742520868
User_130,Vacuum Cleaner,Home,4.247383523395181,20.788159078806363
User_131,Coffee Maker,Home,3.6329006445194256,40.885673379569575
User_131,Python Programming,Books,4.397337941095608,112.99283599348658
User_131,Machine Learning,Books,4.997521267089424,140.63586638809807
User_131,Statistics,Books,4.463847799302787,68.97472746117009
User_131,Data Science,Books,4.454266047062349,119.99122653123248
User_131,Blender,Home,3.677504286385081,67.38668455748035
User_132,Artificial Intelligence,Books,4.546505941280113,140.1463692025958
User_132,Phone Case,Electronics,4.673872909777007,17.8590544782694
User_132,Wireless Mouse,Electronics,4.779092029813567,41.57578618960257
User_132,Machine Learning,Books,4.065371247104558,74.6425939057335
User_132,Statistics,Books,4.2213590011296045,70.92525589574996
User_132,Data Science,Books,4.906029941323797,108.84266107296344
User_133,Desk Lamp,Home,3.510543805720429,18.01923515086727
User_133,Wireless Headphones,Electronics,3.8378355534027344,28.38891714028694
User_133,Coffee Maker,Home,4.098254044555594,139.16722813229055
User_134,Artificial Intelligence,Books,3.9135797796433285,48.58572741505236
User_135,Desk Lamp,Home,4.859656180016616,29.494351956463323
User_135,Wireless Mouse,Electronics,4.298631023412826,67.55338436409892
User_135,Knife Set,Home,4.021014989388264,135.97666839621814
User_135,USB-C Charger,Electronics,3.5327350951632344,102.93055606458248
User_135,Toaster,Home,4.945091651320325,88.42354568465787
User_135,Blender,Home,4.905233693049638,17.31610310004333
User_136,Desk Lamp,Home,4.195898730032504,146.0807461484152
User_136,Knife Set,Home,4.4127909090447,58.93089209215463
User_136,Coffee Maker,Home,3.6711436773319,31.174556022890837
User_137,Running Shoes,Sports,4.687549982680028,86.83741194080822
User_137,Sportswear,Sports,4.419350241292924,41.6605872225917
User_137,Soccer Ball,Sports,4.77037809213284,70.0082765758666
User_137,USB-C Charger,Electronics,3.711439441282654,102.98630803075844
User_138,Smartwatch,Electronics,4.3181478041103585,18.718234823463987
User_138,Knife Set,Home,4.268753973155498,122.89650641259753
User_139,Statistics,Books,4.635127258532952,82.71402033055122
User_139,USB-C Charger,Electronics,3.807321911226069,132.89621094128572
User_139,Artificial Intelligence,Books,4.819372782427294,131.88097950644095
User_140,Python Programming,Books,4.015494788913655,49.54032581611164
User_140,Artificial Intelligence,Books,4.08609254842042,121.76818635140596
User_140,Toaster,Home,4.057899001875297,73.23755469243558
User_140,Desk Lamp,Home,4.096072085727974,23.077116076541383
User_141,Artificial Intelligence,Books,3.793761218880378,135.5741102592948
User_141,Python Programming,Books,4.280285784877332,72.66441164483038
User_141,Machine Learning,Books,4.336730287893802,33.24480387826736
User_141,Statistics,Books,4.420209707958764,60.83410312876146
User_141,Smartwatch,Electronics,4.845779511446929,33.63958893487606
User_142,Artificial Intelligence,Books,4.705405303162303,80.72894830072936
User_142,Python Programming,Books,4.950689922888756,68.48653709851396
User_142,Knife Set,Home,4.976165478554747,103.50879983250779
User_142,Toaster,Home,4.452006909880912,33.233685341409895
User_142,Vacuum Cleaner,Home,4.822891637456966,69.84855630888612
User_142,Blender,Home,3.743350108673719,11.765052796606266
User_143,Dumbbells,Sports,3.6191098769645444,112.40950864765072
User_143,Machine Learning,Books,3.7811179161463735,130.14478744200295
User_144,USB-C Charger,Electronics,4.036697397988163,79.18974261504198
User_144,Power Bank,Electronics,4.742373878655828,56.92912663192218
User_144,Coffee Maker,Home,3.760642389703616,109.6819628463093
User_145,Dumbbells,Sports,4.6232395054449595,101.16066188343437
User_145,Soccer Ball,Sports,4.431392851217646,59.33249252535162
User_145,Coffee Maker,Home,4.76217132962714,75.98020343574304
User_146,Data Science,Books,4.482923614537487,148.84396640349743
User_146,Soccer Ball,Sports,3.6090063074150245,20.790921673204497
User_146,Artificial Intelligence,Books,4.010570139000013,131.2941119951879
User_146,Running Shoes,Sports,3.8232948031869975,60.452894790248656
User_147,Artificial Intelligence,Books,4.476152821338121,132.39174137936922
User_147,Running Shoes,Sports,3.5002825993348727,33.67134984983895
User_147,Python Programming,Books,4.084639081139738,63.130406472460606
User_147,Dumbbells,Sports,3.840095574385266,63.42567158140801
User_147,Machine Learning,Books,3.6932730680003822,67.78655809724364
User_148,Running Shoes,Sports,3.9571266430792,126.11525308023857
User_148,Python Programming,Books,3.9222817976223947,132.1855375392579
User_148,Dumbbells,Sports,3.6688705856179054,108.5160368445114
User_148,Machine Learning,Books,4.311047714967366,23.51482582736171
User_148,Soccer Ball,Sports,3.8628407423882587,11.736565078824071
User_148,Data Science,Books,4.2031519481967585,52.17713650640005
User_149,Python Programming,Books,4.50170702483961,93.0510198150338
User_149,Dumbbells,Sports,4.838453747209479,35.946225134020025
User_149,Soccer Ball,Sports,3.618453743286243,43.531423787335335
User_149,Tennis Racket,Sports,4.691867418050285,14.853837341707665
User_150,Smartwatch,Electronics,4.232561943474408,113.25920487299575
User_150,Wireless Mouse,Electronics,4.28785963628024,14.570394856393605
User_150,Dumbbells,Sports,4.802827259480433,19.05616509211842
User_150,Phone Case,Electronics,4.933736725581128,13.519874158818181
User_151,Wireless Mouse,Electronics,4.387545743459488,108.36872823197228
User_151,Desk Lamp,Home,3.856150202562209,81.73092885641069
User_151,Toaster,Home,3.6563372042125213,63.831585870273756
User_151,Coffee Maker,Home,4.231500602931897,101.31139633636614
User_152,Tablet,Electronics,3.8815873712627704,60.65943304871942
User_152,Toaster,Home,4.208740032509771,16.390824370333725
User_152,Coffee Maker,Home,3.7100361463299767,48.75400309078281
User_153,Data Science,Books,4.416170106613652,49.2956501722364
User_153,Toaster,Home,3.8104888676576403,82.32016798243707
User_154,Desk Lamp,Home,4.897630579149224,65.58210577320683
User_154,Coffee Maker,Home,3.630639150193657,96.38931225649218
User_154,Dumbbells,Sports,3.670757590214902,58.33123999223689
User_154,Tennis Racket,Sports,4.261117908076713,132.3911534559246
User_154,Soccer Ball,Sports,4.240319870510178,108.316227244433
User_154,Toaster,Home,4.989225258498605,28.408476785717426
User_154,Vacuum Cleaner,Home,3.9120972882792793,65.24065058367049
User_155,Python Programming,Books,3.5023476577872095,99.09619182567698
User_155,Artificial Intelligence,Books,3.576703072163151,46.06501084672106
User_155,Sportswear,Sports,3.5892870505216576,94.53136341291429
User_155,Machine Learning,Books,4.52988487023891,26.028269329226717
User_156,Artificial Intelligence,Books,4.502858970084371,105.01379393415907
User_156,Running Shoes,Sports,4.042879986256797,93.11251076919538
User_156,Dumbbells,Sports,3.515196776041615,99.05344649733591
User_156,Machine Learning,Books,4.869930421364355,95.76028556827468
User_156,Statistics,Books,4.810547890199517,111.35622776525314
User_156,Soccer Ball,Sports,3.680837624605535,136.34346302001785
User_157,Running Shoes,Sports,4.712033944859829,40.247191101636204
User_157,Wireless Headphones,Electronics,4.199911677045824,124.34124835819624
User_157,Tablet,Electronics,3.6010768321782836,64.2349619936123
User_157,Wireless Mouse,Electronics,4.777761855310922,66.54570098381733
User_157,Tennis Racket,Sports,3.6164219670971613,85.9548115945152
User_157,USB-C Charger,Electronics,4.792613742377443,92.63997601344236
User_158,USB-C Charger,Electronics,3.5411304649589863,65.01639154834078
User_158,Running Shoes,Sports,4.288718898309986,81.63539412141165
User_158,Power Bank,Electronics,3.748442520542398,100.40367141338572
User_158,Tennis Racket,Sports,3.5671676757570023,116.66695481853816
User_159,Running Shoes,Sports,4.5156809596025145,94.80909492337665
User_159,Data Science,Books,4.04689059229631,40.50495759569861
User_159,Machine Learning,Books,4.9820539492333875,73.56022696745609
User_159,Tennis Racket,Sports,4.532411353670356,29.677415460970508
User_160,Tablet,Electronics,4.634320420925265,74.19322124346469
User_160,Phone Case,Electronics,3.9338671579589817,136.0116456223073
User_160,Tennis Racket,Sports,3.6742084403007884,143.8286360537447
User_160,USB-C Charger,Electronics,3.9709500760660292,134.37651412321537
User_160,Sportswear,Sports,4.404414314719192,125.73903036380824
User_161,Statistics,Books,4.956113230515872,118.29544481483894
User_161,Artificial Intelligence,Books,4.970163488620651,76.90298272311394
User_162,Desk Lamp,Home,4.01367196825207,47.83467689830965
User_162,Knife Set,Home,4.949626078799611,88.07923567500615
User_162,Sportswear,Sports,4.020915558545761,91.26546413911744
User_162,Vacuum Cleaner,Home,3.708795052018543,72.16612488830842
User_163,Data Science,Books,4.354066041773424,96.89246717544177
User_163,Tablet,Electronics,3.80196816173365,65.31928405700461
User_163,USB-C Charger,Electronics,3.559189299336349,76.57644524815574
User_164,Phone Case,Electronics,4.618790057940518,86.90514711644437
User_164,Wireless Mouse,Electronics,3.586611577803761,105.30582501446798
User_164,Dumbbells,Sports,4.200173115846782,14.8245763195
User_164,Soccer Ball,Sports,4.954411590272143,142.87570003252168
User_164,Sportswear,Sports,4.269353624220797,23.114138898827427
User_165,Desk Lamp,Home,4.266913193301127,78.92556720016547
User_165,Coffee Maker,Home,4.365918543849697,131.18080038743733
User_165,Tablet,Electronics,4.971109015375144,67.06178920033437
User_165,Knife Set,Home,4.741278383159455,117.03389125166048
User_165,Smartwatch,Electronics,4.36029342718336,143.84660010567063
User_166,Python Programming,Books,3.9678486200064205,45.8466591146936
User_166,Data Science,Books,3.5461850744906718,146.0146259346824
User_167,Artificial Intelligence,Books,4.706655811519258,49.02638213803742
User_167,Tablet,Electronics,3.816057445800805,144.04272266533346
User_167,Machine Learning,Books,3.5132949276702035,149.69491979547695
User_167,Statistics,Books,4.515231948286093,125.98570192287639
User_167,Data Science,Books,3.9419290945192897,12.004138873388397
User_168,Statistics,Books,4.732889953909894,123.28564395946435
User_169,Smartwatch,Electronics,3.6164740020074078,67.05602434454032
User_169,USB-C Charger,Electronics,4.110659733688442,19.24137817963382
User_170,Statistics,Books,4.803416378418717,105.44481017262257
User_170,Wireless Mouse,Electronics,3.669397464029017,127.8904212358011
User_170,USB-C Charger,Electronics,3.8633468267368505,76.95638378733129
User_170,Phone Case,Electronics,3.7177947693269906,109.41540789903894
User_171,Tablet,Electronics,4.763346119515922,86.85726292182986
User_171,Wireless Mouse,Electronics,3.8289109428858135,14.71368494994218
User_171,Tennis Racket,Sports,3.8219421098882043,68.25699992995293
User_171,Smartwatch,Electronics,4.639417143049695,36.297999355288376
User_171,Sportswear,Sports,4.579687180032029,131.3706855692637
User_172,Desk Lamp,Home,4.733802191576295,122.55419105735284
User_172,Toaster,Home,4.328751451111834,82.82378492350516
User_173,Artificial Intelligence,Books,4.103669956150504,24.384755343339272
User_173,Phone Case,Electronics,3.7835592870912977,119.62232922434261
User_173,Machine Learning,Books,4.572558078276026,93.08800681663085
User_173,Smartwatch,Electronics,4.843590088889259,91.65731249382635
User_173,Power Bank,Electronics,4.200451999945416,57.65190448280678
User_174,Desk Lamp,Home,4.683398707664011,134.86210027350285
User_174,Knife Set,Home,4.150726129364794,137.3920401396149
User_174,Artificial Intelligence,Books,4.065977080944789,144.97097830861514
User_174,Coffee Maker,Home,3.6339342867883593,106.18269731045399
User_175,Vacuum Cleaner,Home,4.5695690759514775,103.29395790094891
User_175,Machine Learning,Books,4.949071257693015,116.54529063510962
User_175,Coffee Maker,Home,4.926159061597007,108.35567021487297
User_176,Artificial Intelligence,Books,4.451636217929876,117.90928655694317
User_176,Desk Lamp,Home,3.504321877498422,130.25393595888812
User_176,Python Programming,Books,3.7790345000084984,87.2897110514729
User_176,Knife Set,Home,4.123696251031175,110.75153432547425
User_176,Statistics,Books,4.056742422178613,131.76684473543952
User_176,Toaster,Home,4.595744541438185,100.67984394880901
User_177,Artificial Intelligence,Books,4.523290820939915,75.54157978214425
User_177,Dumbbells,Sports,4.368762883062083,21.94778710780548
User_177,Machine Learning,Books,3.564510427800409,103.36133247712904
User_177,Tennis Racket,Sports,4.734964144731077,119.48214689061541
User_177,Sportswear,Sports,4.315708591799356,23.981354959064944
User_178,Desk Lamp,Home,4.120464012377953,79.00104182264253
User_178,Toaster,Home,4.106434620882304,84.33127497769314
User_178,Coffee Maker,Home,4.392697512358522,11.389334957896988
User_179,Dumbbells,Sports,4.281944071481209,146.6419352590899
User_179,Toaster,Home,3.6883253221439802,12.37267308454134
User_179,Coffee Maker,Home,4.655237317635644,123.00177523108356
User_180,Desk Lamp,Home,3.8348950782577944,99.86039423974975
User_180,Sportswear,Sports,4.355974435821402,89.53295172730142
User_180,Coffee Maker,Home,4.494511019212664,86.77348506739155
User_181,Phone Case,Electronics,3.9543735932497888,19.197280253611208
User_181,Python Programming,Books,3.8423530452405488,44.52450889692345
User_181,Wireless Headphones,Electronics,4.226115604565303,114.64221692353716
User_181,Wireless Mouse,Electronics,4.21071474259692,18.098222922602485
User_182,Artificial Intelligence,Books,4.665392015490838,38.697369333754295
User_182,Knife Set,Home,4.5884408004116235,96.76284000063248
User_183,Knife Set,Home,4.972479985778672,83.81712532813592
User_183,Vacuum Cleaner,Home,4.859631445871655,32.943343329267506
User_184,Python Programming,Books,4.535144837356765,140.2849526785152
User_184,Artificial Intelligence,Books,4.245968669253458,42.23512889947205
User_184,Soccer Ball,Sports,3.5668457351730187,68.18990613602679
User_184,Dumbbells,Sports,3.9528750501162526,116.55236284334258
User_185,Toaster,Home,4.795942371102515,77.38667271499308
User_185,Soccer Ball,Sports,4.846512009016935,104.40885706328565
User_185,Sportswear,Sports,3.705498594580507,149.297391705513
User_186,Python Programming,Books,4.992228940948927,109.64119280444682
User_186,Artificial Intelligence,Books,4.971715597687733,89.73556913939451
User_186,Power Bank,Electronics,3.8893126747641356,71.17942399318693
User_187,Data Science,Books,4.0325615846779375,107.76356201186019
User_187,Artificial Intelligence,Books,4.092808889464955,143.40555143969584
User_187,Machine Learning,Books,4.950579022139053,64.99112861330806
User_187,Phone Case,Electronics,4.781332859511302,118.23246583764526
User_188,Running Shoes,Sports,3.518154675164161,11.265385671100905
User_188,Wireless Mouse,Electronics,4.035544015955018,139.66716958044947
User_188,Dumbbells,Sports,3.843015169405413,98.8109164420362
User_188,USB-C Charger,Electronics,3.833113806039981,55.033798552336805
User_188,Power Bank,Electronics,4.7720631344022255,112.04060191779256
User_189,Dumbbells,Sports,3.9333274083637484,65.69712757030197
User_189,Sportswear,Sports,4.879296536984075,149.05570215921497
User_189,Blender,Home,3.5673669484934236,116.54110928935488
User_190,Tennis Racket,Sports,3.913321908829225,97.08553873193912
User_191,Statistics,Books,3.541278777710623,127.57426270037435
User_191,Artificial Intelligence,Books,4.62765825955864,42.01721731605107
User_191,Knife Set,Home,4.934480140081291,30.744909952192366
User_191,Desk Lamp,Home,4.5193248907008625,41.48463035422775
User_192,Data Science,Books,4.838837341229712,68.7227191540239
User_192,Dumbbells,Sports,4.670548254510322,76.68700266215383
User_192,Sportswear,Sports,4.246309778219153,38.65521526801975
User_192,Machine Learning,Books,4.386695454887775,36.05902568546871
User_193,Python Programming,Books,4.1141181077255276,123.52300134110858
User_193,Data Science,Books,4.753738891865774,56.50674463618464
User_193,Wireless Headphones,Electronics,4.540427086210693,117.95719421926412
User_193,Power Bank,Electronics,4.481976030298932,31.223310472013914
User_194,Statistics,Books,3.556356635598361,27.90135217113846
User_194,Dumbbells,Sports,4.648320125773791,10.00162886575126
User_195,Toaster,Home,3.5151359100335373,71.24746972514936
User_195,Wireless Headphones,Electronics,4.824101571010133,17.26613210222326
User_196,Desk Lamp,Home,3.9879427010345467,109.7669866337918
User_196,Tablet,Electronics,4.725169199758454,35.425955485924376
User_196,Coffee Maker,Home,4.0564115122366475,136.271627544881
User_196,Vacuum Cleaner,Home,4.710040279542109,147.88017638674663
User_196,Blender,Home,4.631372389523121,65.04732814390911
User_197,Desk Lamp,Home,4.0425653822893715,142.88920776187172
User_197,Python Programming,Books,4.448239248779686,28.19179211751177
User_197,Knife Set,Home,4.340137546165093,119.30245944812614
User_197,Machine Learning,Books,4.562734546239196,34.09249210133631
User_197,Data Science,Books,4.958629998560155,72.83391040452483
User_198,Phone Case,Electronics,3.6876878857126205,129.06602606651728
User_198,Python Programming,Books,4.01690612667134,14.320106603130142
User_198,Smartwatch,Electronics,3.5778429492776165,29.90386253854538
User_199,Running Shoes,Sports,3.537790120938844,127.4596258805215
User_199,Coffee Maker,Home,3.5171269751811103,108.51796914806714
User_199,Tennis Racket,Sports,4.955385664589086,71.27258594074848
User_199,Vacuum Cleaner,Home,3.852460107493929,108.68194140607343
User_199,Blender,Home,4.725692213023377,86.50024425089862
User_200,Statistics,Books,4.942270008474627,110.01750690772376
